{
  "Genus": {
    "knn_purity_k5": 0.5786561264822135,
    "knn_purity_k10": 0.5026679841897232,
    "knn_purity_k20": 0.40543478260869564
  },
  "Family": {
    "knn_purity_k5": 0.7766798418972332,
    "knn_purity_k10": 0.7029644268774703,
    "knn_purity_k20": 0.5994071146245059
  },
  "Order": {
    "knn_purity_k5": 0.8515810276679842,
    "knn_purity_k10": 0.799407114624506,
    "knn_purity_k20": 0.708498023715415
  },
  "Phylum": {
    "knn_purity_k5": 0.8648221343873518,
    "knn_purity_k10": 0.8217391304347826,
    "knn_purity_k20": 0.7520750988142292
  }
}